,G_front,G_vert,G_lat,ant_id,RSSI,phase,freq,person,activity
count,3182.0,3182.0,3182.0,3182.0,3182.0,3182.0,3182.0,3182.0,3182.0
mean,0.7584873729729729,0.28507117476429916,0.3478734296040226,2.8302954116907606,-58.152262727844125,3.2613408649591453,923.4137335009428,21.259585166561912,2.798240100565682
std,0.3660971776562255,0.4061874960758338,0.3603967292635745,1.2431970835176689,4.584529659632507,2.2360861682056834,1.6474661983089403,4.837490556685039,0.7097626455837681
min,-0.65428,-0.55349,-0.36718,1.0,-69.5,0.001534,920.25,15.0,1.0
25%,0.48602,0.055119,0.031928,2.0,-60.5,0.90812,922.25,18.0,3.0
50%,0.84658,0.16995,0.19157,3.0,-57.5,4.0451,923.75,19.0,3.0
75%,1.0342,0.59483,0.6933,4.0,-56.0,5.3827,924.75,25.0,3.0
max,1.3742,1.2723,1.2178,4.0,-39.5,6.2817,925.75,34.0,4.0
