,"A: Train 80%,test 20%(random)",B: 10-fold CV,C: Stratified 10-fold CV,D: Group-wise 10-fold CV,E: Stratified Group-wise 10-fold CV
Decision Tree,0.2763394945913471,0.28009676374967607,0.279462904007163,0.2420259130209519,0.20277603384776466
Random Forest,0.20887215892819622,0.21230905570555225,0.21262845003926023,0.17652224222729684,0.18559306217459792
3-NN,0.2934777266953583,0.30034902096789806,0.30002864084920955,0.21503632713777865,0.2111340127518031
MLP,0.07851457813918239,0.1126233683173099,0.10194928854758911,0.016182535425061872,0.017583607283962244
Average,0.214300989588521,0.22634455218510907,0.22351732086080547,0.1624417544527723,0.15427167901453198
