,"A: Train 80%,test 20%(random)",B: 10-fold CV,C: Stratified 10-fold CV,D: Group-wise 10-fold CV,E: Stratified Group-wise 10-fold CV
Decision Tree,0.2763394945913471,0.27851950778074785,0.2819796130625837,0.2420259130209519,0.24069291058715103
Random Forest,0.20887215892819622,0.21136861683407882,0.21137650311392342,0.17652224222729684,0.18011428831730159
3-NN,0.2934777266953583,0.3000246977092873,0.29908918776271665,0.21503632713777865,0.23467101426835424
MLP,0.07851457813918239,0.0941034258871527,0.08276295547056,0.016182535425061872,0.014053278475351871
Average,0.214300989588521,0.22100406205281667,0.21880206485244594,0.1624417544527723,0.16738287291203968
